Time_s,Raw_mV,Denoised_mV
0.0,-4.477545397633816,0.13558565541544262
0.002777777777777778,-4.4900949231560965,0.12613396404097763
0.005555555555555556,-4.474252015714932,0.14311129559643584
0.008333333333333333,-4.436169135886898,0.1804072198150746
0.011111111111111112,-4.409273213438127,0.19744696072087128
0.013888888888888888,-4.432026752239602,0.19471815930189518
0.016666666666666666,-4.41378908228131,0.20285286222480628
0.019444444444444445,-4.401069829748285,0.2082445288198666
0.022222222222222223,-4.448565784672296,0.17599075271286072
0.025,-4.490600136157036,0.1256870081995463
0.027777777777777776,-4.5161458571920825,0.10322663919653037
0.030555555555555555,-4.516344041388097,0.10115932357097406
0.03333333333333333,-4.542518799230594,0.07761689278703855
0.03611111111111111,-4.586485413134927,0.03309140806341976
0.03888888888888889,-4.6135632594283456,0.006871308919462194
0.041666666666666664,-4.613488270548455,0.00822651267173593
0.044444444444444446,-4.614036133289519,0.0022096719298234984
0.04722222222222222,-4.662631178378588,-0.03568790786093765
0.05,-4.706865625701874,-0.0882596931227881
0.05277777777777778,-4.745915726366875,-0.12675321198843925
0.05555555555555555,-4.778653070163102,-0.14876172576011693
0.058333333333333334,-4.788015344698319,-0.17595879714950358
0.06111111111111111,-4.857087884711844,-0.2242581072498862
0.06388888888888888,-4.901744439596037,-0.28752355609087354
0.06666666666666667,-4.98003118530126,-0.3496345486947907
0.06944444444444445,-5.018962404776713,-0.3987369392743039
0.07222222222222222,-5.047513925433028,-0.427144212867094
0.075,-5.068024300091305,-0.43546194266564986
0.07777777777777778,-5.0563550421855625,-0.43747710111252114
0.08055555555555556,-5.060552806849533,-0.4406434478911216
0.08333333333333333,-5.070389036429585,-0.434004028048016
0.08611111111111111,-5.035885753526595,-0.41989666819697663
0.08888888888888889,-5.054984436701638,-0.42772840245608357
0.09166666666666666,-5.0917990813329315,-0.46571519806308664
0.09444444444444444,-5.123690874143106,-0.49819434281803543
0.09722222222222222,-5.12753297059076,-0.500010166166498
0.1,-5.112402126847277,-0.4920583499763146
0.10277777777777777,-5.1334505309762335,-0.5011355897445643
0.10555555555555556,-5.147516113183425,-0.523864870251103
0.10833333333333334,-5.169671088435904,-0.5450331443459695
0.1111111111111111,-5.189982517788226,-0.559013134163116
0.11388888888888889,-5.183012613489745,-0.5648978669196918
0.11666666666666667,-5.198839907577706,-0.5643221296681752
0.11944444444444445,-5.174380911888758,-0.5658581934543656
0.12222222222222222,-5.203984558373213,-0.5758644351615589
0.125,-5.202333155275397,-0.5896782739202865
0.12777777777777777,-5.220789883039846,-0.6013047050407337
0.13055555555555556,-5.227522334932927,-0.6111969789528277
0.13333333333333333,-5.226359194100648,-0.6207103455941311
0.1361111111111111,-5.251563706831269,-0.6346046223409644
0.1388888888888889,-5.271953118126393,-0.6639185084825698
0.14166666666666666,-5.300988356230935,-0.7052339198119347
0.14444444444444443,-5.356901139867856,-0.7359758729489555
0.14722222222222223,-5.344260639439978,-0.7549555488847199
0.15,-5.3903324353251625,-0.7891627339138204
0.1527777777777778,-5.435620390216474,-0.8350064649459701
0.15555555555555556,-5.451461775839952,-0.8519982386922188
0.15833333333333333,-5.437443606572618,-0.8375574076181154
0.16111111111111112,-5.420452222117548,-0.8353865557075435
0.1638888888888889,-5.438369948838587,-0.856787785385607
0.16666666666666666,-5.463732192239557,-0.8721421689151004
0.16944444444444445,-5.437674735530702,-0.876953850557745
0.17222222222222222,-5.466176812076228,-0.89027636703662
0.175,-5.49499331117173,-0.9070184124716781
0.17777777777777778,-5.456836266087769,-0.9100860785970603
0.18055555555555555,-5.458432056828416,-0.8998293458824587
0.18333333333333332,-5.457991541796786,-0.8864940359689809
0.18611111111111112,-5.426255680612966,-0.8791338955118251
0.18888888888888888,-5.405029181207262,-0.8634930510696543
0.19166666666666668,-5.3550207936594605,-0.788143755339123
0.19444444444444445,-5.184503688667533,-0.6345939797839915
0.19722222222222222,-4.994295147615477,-0.4763700190879582
0.2,-4.9288665737443145,-0.3869217625570283
0.20277777777777778,-4.862536585878304,-0.3436596263341589
0.20555555555555555,-4.815293363917509,-0.29986132552700184
0.20833333333333334,-4.777851813493689,-0.26720588683703694
0.2111111111111111,-4.7599377443047715,-0.25754783219368477
0.21388888888888888,-4.730244517171637,-0.23549276701243252
0.21666666666666667,-4.675159394076394,-0.1856835816663994
0.21944444444444444,-4.623681000019019,-0.14300518699399478
0.2222222222222222,-4.570950239621278,-0.12354845218449999
0.225,-4.55617235371469,-0.1076937491576746
0.22777777777777777,-4.523546183045952,-0.09840275129213692
0.23055555555555557,-4.526824571905953,-0.10877300140353258
0.23333333333333334,-4.552771053128469,-0.10965595778220823
0.2361111111111111,-4.494364971419117,-0.07947356065071724
0.2388888888888889,-4.471986519032642,-0.058631517306042824
0.24166666666666667,-4.498777600107486,-0.06968226453574418
0.24444444444444444,-4.4792675579359145,-0.0661872825377301
0.24722222222222223,-4.4685844523655645,-0.035684552949807026
0.25,-4.438015770741597,-0.03398483881852643
0.25277777777777777,-4.468777708198137,-0.052874582516698326
0.25555555555555554,-4.450353133916162,-0.0037340853023634245
0.25833333333333336,-4.276301072403986,0.1131951947966147
0.2611111111111111,-4.238648804333183,0.1837870395863074
0.2638888888888889,-4.275804957615482,0.15727797506178362
0.26666666666666666,-4.304361022982522,0.10044316054369593
0.26944444444444443,-4.342279211523153,0.07265690854651777
0.2722222222222222,-4.356233251248919,0.06875807528095158
0.275,-4.339632469341671,0.06800691587588491
0.2777777777777778,-4.347831634122272,0.05860948374093834
0.28055555555555556,-4.3528948337022655,0.03797128020501662
0.2833333333333333,-4.3726311949791175,0.02252904749491412
0.2861111111111111,-4.347637102005992,0.02956403519373717
0.28888888888888886,-4.329842762819635,0.049332724148778706
0.2916666666666667,-4.3159439087616,0.06260410107974904
0.29444444444444445,-4.306133715304656,0.06740261617947296
0.2972222222222222,-4.307976496743841,0.0675349666138172
0.3,-4.289826369242951,0.06451486865302827
0.30277777777777776,-4.286500935555842,0.06963985342712231
0.3055555555555556,-4.285395951174667,0.08422489665421591
0.30833333333333335,-4.262855541358229,0.07899869880238597
0.3111111111111111,-4.308745055208444,0.04515947107604915
0.3138888888888889,-4.323309220935869,0.030781267065730072
0.31666666666666665,-4.2759161217450705,0.06510318300350942
0.3194444444444444,-4.231705809386699,0.10259679824198747
0.32222222222222224,-4.246905488526773,0.09937476183147372
0.325,-4.271323437194338,0.07364439365352225
0.3277777777777778,-4.260711590350026,0.051678807550441436
0.33055555555555555,-4.300974591403716,0.0333881776229942
0.3333333333333333,-4.288939424557877,0.02684569577329046
0.33611111111111114,-4.278735485373641,0.04242445605359036
0.3388888888888889,-4.252279550007043,0.0595732686713802
0.3416666666666667,-4.2522932186233815,0.05557680429455429
0.34444444444444444,-4.288172404084626,0.041140906963902074
0.3472222222222222,-4.255260667528611,0.035799466845263056
0.35,-4.255103637962543,0.04415244233065024
0.3527777777777778,-4.250513557257025,0.06342423542487761
0.35555555555555557,-4.192703146833188,0.08462252287692171
0.35833333333333334,-4.171683851475008,0.09796436222798684
0.3611111111111111,-4.1740205264572365,0.1022201854550443
0.3638888888888889,-4.138026152520409,0.08919642662782085
0.36666666666666664,-4.193347030343274,0.04823590114932874
0.36944444444444446,-4.239119861675219,0.003004800801641575
0.37222222222222223,-4.218750496791967,-0.00638002016544522
0.375,-4.181896466475071,0.02111575603682904
0.37777777777777777,-4.120627879004142,0.058238202723070905
0.38055555555555554,-4.105535393953898,0.08841931173273325
0.38333333333333336,-4.0798250530811275,0.0959585934781753
0.3861111111111111,-4.081652791636183,0.06859090419631941
0.3888888888888889,-4.13463029069391,0.03306425474215329
0.39166666666666666,-4.133441892231818,0.026619746742827594
0.39444444444444443,-4.085469242989538,0.03572305849026212
0.3972222222222222,-4.111878524583645,0.029843677719324505
0.4,-4.1055896771077816,0.024735357031545755
0.4027777777777778,-4.083404250203971,0.0431876539980335
0.40555555555555556,-4.045255291524095,0.06071405548018189
0.4083333333333333,-4.060486997698942,0.05059421252943377
0.4111111111111111,-4.063031847980274,0.032726174286041465
0.41388888888888886,-4.047962177122264,0.03507674855952029
0.4166666666666667,-4.012299364021818,0.050172147174392424
0.41944444444444445,-3.9884304075236443,0.05701208515645387
0.4222222222222222,-3.972522002459325,0.05650931526515628
0.425,-3.966846354968231,0.06510211942580914
0.42777777777777776,-3.949672610855656,0.08325004558365423
0.4305555555555556,-3.9363527518731947,0.08919365769701366
0.43333333333333335,-3.955003659421901,0.07284224198053332
0.4361111111111111,-3.9732072757768946,0.05658665881790787
0.4388888888888889,-3.9520403510605195,0.06202132247061489
0.44166666666666665,-3.952986929741167,0.07486214688953889
0.4444444444444444,-3.9391897801743934,0.06693161998226291
0.44722222222222224,-3.972231287092151,0.03732352918594573
0.45,-4.002796594608459,0.011259409824435481
0.4527777777777778,-3.9887084673247384,0.009778057283722682
0.45555555555555555,-3.9835199393031484,0.03258426710080775
0.4583333333333333,-3.9420387168538906,0.06014335883710041
0.46111111111111114,-3.9369192829702793,0.06903624695148558
0.4638888888888889,-3.9493723306978414,0.055234245170125526
0.4666666666666667,-3.9679714836926876,0.0389199479018404
0.46944444444444444,-3.958559086069439,0.0416151256377969
0.4722222222222222,-3.9323014699777543,0.07151445535499772
0.475,-3.872315167546935,0.13084994443940592
0.4777777777777778,-3.7870935816801397,0.21150962870633142
0.48055555555555557,-3.7260610675435997,0.27698465593683863
0.48333333333333334,-3.7178278895461703,0.28007252579661385
0.4861111111111111,-3.7795452583978992,0.2208517921687019
0.4888888888888889,-3.830096809452884,0.162748325359419
0.49166666666666664,-3.8483784281145708,0.15872589957341907
0.49444444444444446,-3.8048746727961387,0.18448309961077733
0.49722222222222223,-3.8058231206454045,0.18659734768740355
0.5,-3.8400018714563924,0.16675748812533223
0.5027777777777778,-3.822452893889805,0.16049030109588647
0.5055555555555555,-3.8365754450498275,0.16223694927917862
0.5083333333333333,-3.850902732141685,0.1422345999096892
0.5111111111111111,-3.867186939546523,0.12108152615123284
0.5138888888888888,-3.8388725271414366,0.15290969209776886
0.5166666666666667,-3.7663652528592744,0.2319593318103338
0.5194444444444445,-3.690401984802444,0.28842978989527135
0.5222222222222223,-3.6971279963497867,0.2890159589900384
0.525,-3.7430429279462585,0.26686584915152745
0.5277777777777778,-3.7154978744569545,0.24757126074955738
0.5305555555555556,-3.7618186921847423,0.22838127910421419
0.5333333333333333,-3.7856608215088317,0.21997825760486636
0.5361111111111111,-3.729496925544569,0.22910232969177982
0.5388888888888889,-3.7720888399998356,0.22815546074111187
0.5416666666666666,-3.777997465623635,0.2024770418096258
0.5444444444444444,-3.7936358942714947,0.18368760189348735
0.5472222222222223,-3.7925203004945987,0.19695565757926833
0.55,-3.752737585199667,0.22283698984876782
0.5527777777777778,-3.744432103857225,0.22834804016067098
0.5555555555555556,-3.8036134842837965,0.18819416302301772
0.5583333333333333,-3.8764108461154017,0.09003050309002644
0.5611111111111111,-3.970911435186732,-0.009985209035637927
0.5638888888888889,-3.9569401013876573,0.029576768272116284
0.5666666666666667,-3.6716431808516625,0.29985922229596
0.5694444444444444,-3.2157182692953845,0.7200260142434478
0.5722222222222222,-2.8609935908196182,1.1274175937071123
0.575,-2.509512412861764,1.434830021418065
0.5777777777777777,-2.3141659770372733,1.6350835370921113
0.5805555555555556,-2.248629739377348,1.7154776428237284
0.5833333333333334,-2.304804803793891,1.6510866309823553
0.5861111111111111,-2.4479814173763343,1.4767255423962828
0.5888888888888889,-2.6806553421683845,1.2952677467567222
0.5916666666666667,-2.7677534016425396,1.171359301349334
0.5944444444444444,-2.856225082518123,1.0693305160266637
0.5972222222222222,-3.025756546348068,0.9338202189763136
0.6,-3.1715600957157895,0.7587380078297591
0.6027777777777777,-3.361397848356185,0.5568389031221065
0.6055555555555555,-3.5870715401308253,0.34912349191435643
0.6083333333333333,-3.7525795512534814,0.18309652076529442
0.6111111111111112,-3.820757585561198,0.08893885493207955
0.6138888888888889,-3.8881730953419145,0.04242898528024989
0.6166666666666667,-3.9096845248398746,0.012097028488487547
0.6194444444444445,-3.9089300567203678,-0.0019009932482333184
0.6222222222222222,-3.914604693051922,0.0013212503312378786
0.625,-3.909356625468836,0.0012416833002277603
0.6277777777777778,-3.908077009003715,-0.011807368765847705
0.6305555555555555,-3.9256287877362595,-0.01783301200119157
0.6333333333333333,-3.9131241806023898,-0.007445000024835649
0.6361111111111111,-3.896131497461492,-0.005027435356061541
0.6388888888888888,-3.909618991095726,-0.020115066955869284
0.6416666666666667,-3.934638511522646,-0.026869144570158585
0.6444444444444445,-3.906971211982233,-0.020908273647732442
0.6472222222222223,-3.9029592731962253,-0.023080616999050573
0.65,-3.9234977774223196,-0.01762412779127556
0.6527777777777778,-3.872505911452442,0.016809130803543303
0.6555555555555556,-3.837712050729714,0.03637303905159673
0.6583333333333333,-3.8900593329983026,0.0012570311566282681
0.6611111111111111,-3.9184197368304208,-0.038340606030796635
0.6638888888888889,-3.909255731665604,-0.028726951190431532
0.6666666666666666,-3.8712195337143966,-0.003468131751293845
0.6694444444444444,-3.8796605265408903,-0.00349984955232204
0.6722222222222223,-3.8898867124461955,-0.006361941041861293
0.675,-3.85080845049796,0.004927530837094111
0.6777777777777778,-3.8602514181874867,0.003330651826995892
0.6805555555555556,-3.8991776950193886,-0.021045208001139643
0.6833333333333333,-3.90117086432088,-0.04595735646234578
0.6861111111111111,-3.9183827605900787,-0.061328312937990376
0.6888888888888889,-3.933591676203503,-0.06885459737482014
0.6916666666666667,-3.9166523231056662,-0.06323709496858945
0.6944444444444444,-3.890852910525925,-0.045800353958606155
0.6972222222222222,-3.882375670960298,-0.0274691020303996
0.7,-3.866586306737149,-0.01699329176000219
0.7027777777777777,-3.8606474939709368,-0.02423587486069036
0.7055555555555556,-3.8919489030401575,-0.04818619090481722
0.7083333333333334,-3.8992265104012063,-0.05932166957079061
0.7111111111111111,-3.8801908393651035,-0.03936597166143433
0.7138888888888889,-3.860430347984703,-0.025231453513207363
0.7166666666666667,-3.88361405441963,-0.05860018287496679
0.7194444444444444,-3.9567330058295167,-0.11889912890201934
0.7222222222222222,-3.9846293766813448,-0.16189710096115528
0.725,-4.002709118576849,-0.18309931066906604
0.7277777777777777,-4.015622113597495,-0.1919500403846325
0.7305555555555555,-3.9923090913055646,-0.17951148086451488
0.7333333333333333,-3.9720627555978174,-0.15430837898610872
0.7361111111111112,-3.9537283647332644,-0.14700415496060146
0.7388888888888889,-3.966033072842351,-0.1585759931611434
0.7416666666666667,-3.993035809818245,-0.17040076433132062
0.7444444444444445,-3.966485459521495,-0.19118936265530548
0.7472222222222222,-4.027388554287549,-0.22369631948043855
0.75,-4.0510711887132,-0.23506878829632988
0.7527777777777778,-3.992540128977826,-0.22253091960623933
0.7555555555555555,-4.02496964002404,-0.23150192248274568
0.7583333333333333,-4.068658746303027,-0.2724235719156339
0.7611111111111111,-4.091555168563579,-0.3089375564887342
0.7638888888888888,-4.104949852673055,-0.3293008424955507
0.7666666666666667,-4.128406761964332,-0.34691745042782435
0.7694444444444445,-4.146722697686766,-0.35891368476126895
0.7722222222222223,-4.126309744677108,-0.3615291468190043
0.775,-4.144159055394499,-0.36292125469833786
0.7777777777777778,-4.136637813526865,-0.36201953319338726
0.7805555555555556,-4.1416794800452665,-0.3622313194404747
0.7833333333333333,-4.145926497818849,-0.38577676855047444
0.7861111111111111,-4.21423672957422,-0.4288428395981489
0.7888888888888889,-4.217984696598435,-0.4494972324733803
0.7916666666666666,-4.199102026967657,-0.43714140616803193
0.7944444444444444,-4.1912252438727595,-0.4328996516722319
0.7972222222222223,-4.220172834796659,-0.4544717258864831
0.8,-4.231871978671751,-0.4679842821161206
0.8027777777777778,-4.230876066041293,-0.45776999845189303
0.8055555555555556,-4.222710652049809,-0.45753425282615895
0.8083333333333333,-4.247568178778134,-0.482486397839889
0.8111111111111111,-4.264679947742276,-0.48944091718382954
0.8138888888888889,-4.201076222346771,-0.44399627839960554
0.8166666666666667,-4.1492026627436465,-0.3804562595915721
0.8194444444444444,-4.0981109465316905,-0.3516541321526516
0.8222222222222222,-4.120856934578362,-0.35818844123540766
0.825,-4.1330507625514175,-0.3662769407465223
0.8277777777777777,-4.090116171386986,-0.3565805654915739
0.8305555555555556,-4.103392389208467,-0.3264865240310703
0.8333333333333334,-4.038373665828459,-0.2843920306694044
0.8361111111111111,-3.993386275386213,-0.2534031881239738
0.8388888888888889,-4.019070895974683,-0.24579448632676454
0.8416666666666667,-3.9916826302247896,-0.24351648345484966
0.8444444444444444,-3.9790146021465223,-0.22605731095107484
0.8472222222222222,-3.9491623448937494,-0.19528527346264318
0.85,-3.928282188913297,-0.1663982486447921
0.8527777777777777,-3.896639594109568,-0.14814280776150565
0.8555555555555555,-3.8719668877081856,-0.12598849068230036
0.8583333333333333,-3.8497336440054757,-0.08050987047109358
0.8611111111111112,-3.777748535100336,-0.031183756662950847
0.8638888888888889,-3.7392874663529883,-0.008211196603946454
0.8666666666666667,-3.749047284421903,0.01683152032008238
0.8694444444444445,-3.6566679361481462,0.08746866097617562
0.8722222222222222,-3.554229063845698,0.1733841518386815
0.875,-3.5424483372309368,0.21929263261854273
0.8777777777777778,-3.5061287237478838,0.2348596414948252
0.8805555555555555,-3.4862418641792075,0.2562365502564019
0.8833333333333333,-3.4591508898364545,0.28377855632690924
0.8861111111111111,-3.435378470353124,0.3104044246173451
0.8888888888888888,-3.4076101703034594,0.34344980585824364
0.8916666666666667,-3.352626330415502,0.375503899562908
0.8944444444444445,-3.369336596206765,0.3892841628094129
0.8972222222222223,-3.34746160285769,0.3876683437114645
0.9,-3.367375866882361,0.3801746517210406
0.9027777777777778,-3.377207386222324,0.360043316640302
0.9055555555555556,-3.4294144555162993,0.3215777635730825
0.9083333333333333,-3.4554781542894295,0.2815120959715728
0.9111111111111111,-3.4755821193184078,0.2659019529831837
0.9138888888888889,-3.468105578445702,0.2799387498863016
0.9166666666666666,-3.428865490440835,0.29773669036195494
0.9194444444444444,-3.4402472976367466,0.2907388238433761
0.9222222222222223,-3.4747073861136615,0.26485146788404657
0.925,-3.4492751289999664,0.25172821357057107
0.9277777777777778,-3.4803709443374813,0.2583992603806641
0.9305555555555556,-3.4536966172609724,0.24841252214157997
0.9333333333333333,-3.523180979344583,0.1929664488503921
0.9361111111111111,-3.5941049048762506,0.12072211849767095
0.9388888888888889,-3.620334028475996,0.07951046431910237
0.9416666666666667,-3.6449171327191143,0.06460268568269581
0.9444444444444444,-3.6575409397691665,0.03776796238739021
0.9472222222222222,-3.6907416433346962,0.0017110715677980978
0.95,-3.7262741114535993,-0.010083313548001542
0.9527777777777777,-3.6736240511069913,-5.173575439069348e-05
0.9555555555555556,-3.6959419440145767,0.0029969657716620883
0.9583333333333334,-3.710042054307146,-0.008231835884230954
0.9611111111111111,-3.7077930247689515,-0.03373208994499673
0.9638888888888889,-3.7747913617536493,-0.07849758502328469
0.9666666666666667,-3.8010655607151245,-0.11581930809265666
0.9694444444444444,-3.7898742596699937,-0.10432537730922135
0.9722222222222222,-3.7333267308283364,-0.05600868724455326
0.975,-3.692026066594073,-0.01990620349763802
0.9777777777777777,-3.6906164060424413,-0.011045664164269109
0.9805555555555555,-3.697847419716618,-0.018770392440657112
0.9833333333333333,-3.7077634432794473,-0.045199730930202874
0.9861111111111112,-3.7519912839164635,-0.07741830096577135
0.9888888888888889,-3.7562558984090466,-0.07958724898987624
0.9916666666666667,-3.703375673122351,-0.05461221745284037
0.9944444444444445,-3.705698800901989,-0.04523659725746748
0.9972222222222222,-3.710347716528023,-0.062072167669506025
1.0,-3.7503027885184985,-0.0867468699102842
1.0027777777777778,-3.7557552651881028,-0.12430228580875054
1.0055555555555555,-3.8317927828400378,-0.17454253349938847
1.0083333333333333,-3.853218459584834,-0.20036346720759216
1.011111111111111,-3.8285443435157966,-0.18934767113571144
1.0138888888888888,-3.8224180094823863,-0.17864688782730842
1.0166666666666666,-3.8200803585443657,-0.18185094956647888
1.0194444444444444,-3.8215731641252066,-0.17571769470232348
1.0222222222222221,-3.787848720222611,-0.16713818737595232
1.025,-3.8188405737597644,-0.18057629750257578
1.0277777777777777,-3.828371432380284,-0.1942874715769631
1.0305555555555554,-3.808022363894886,-0.17488042082777325
1.0333333333333334,-3.7654394037879277,-0.1403972419467749
1.0361111111111112,-3.7572543934813267,-0.12200195104841959
1.038888888888889,-3.749550467711353,-0.11576482873079866
1.0416666666666667,-3.742907478657146,-0.11534813411278073
1.0444444444444445,-3.7347942950888804,-0.12762763936280674
1.0472222222222223,-3.7788947289253265,-0.1395368544352392
1.05,-3.746865013292927,-0.13325215022243334
1.0527777777777778,-3.7220485416594955,-0.11946242571153297
1.0555555555555556,-3.7352421595148475,-0.1067852458389545
1.0583333333333333,-3.6915657752906066,-0.08517392786156294
1.0611111111111111,-3.6623308988311094,-0.06574922733161247
1.0638888888888889,-3.6830011233767457,-0.06976784009163851
1.0666666666666667,-3.6816821194234053,-0.07773524173964662
1.0694444444444444,-3.672769572498119,-0.05841542366902821
1.0722222222222222,-3.617203656567496,-0.025171913453618452
1.075,-3.6297471358377758,-0.009134667821355448
1.0777777777777777,-3.6189470751653694,-0.016592436787462313
1.0805555555555555,-3.6538030773522143,-0.04485701069160095
1.0833333333333333,-3.69317631705437,-0.09230239287305278
1.086111111111111,-3.761776806360294,-0.14147006051972125
1.0888888888888888,-3.7725801281987046,-0.17354620479473223
1.0916666666666666,-3.799084762751725,-0.1910013037316649
1.0944444444444446,-3.816516458767763,-0.20075187232030317
1.0972222222222223,-3.802384737842351,-0.20296559927892127
1.1,-3.829347356863366,-0.2098116110487662
1.1027777777777779,-3.8367307084692883,-0.23857501011162846
1.1055555555555556,-3.895574636699218,-0.2801560183848703
1.1083333333333334,-3.9192923698637525,-0.3040821915700668
1.1111111111111112,-3.885932344072874,-0.29009472212257653
1.113888888888889,-3.861413631705244,-0.2419548264498404
1.1166666666666667,-3.8057879473183527,-0.18901366240031767
1.1194444444444445,-3.760725993557201,-0.1669754639607408
1.1222222222222222,-3.7927899695605363,-0.17075716076879469
1.125,-3.7704082648994537,-0.1562609814403412
1.1277777777777778,-3.712014761574319,-0.1095313577076162
1.1305555555555555,-3.6786007908556564,-0.06263498469362185
1.1333333333333333,-3.6469490223515044,-0.0354707036735762
1.136111111111111,-3.639456847257357,-0.024551248359345988
1.1388888888888888,-3.6454339429770073,-0.0341948829330662
1.1416666666666666,-3.65872012358507,-0.05658724926971477
1.1444444444444444,-3.690487622926607,-0.05437202197270947
1.1472222222222221,-3.6068697220119508,-0.013895342594990775
1.15,-3.5885540601626427,0.027360550177411475
1.1527777777777777,-3.591349272737251,0.03868113195985516
1.1555555555555554,-3.553691249932734,0.03984066323739471
1.1583333333333334,-3.5565125347291016,0.0688197707207157
1.1611111111111112,-3.4883603035843387,0.12910855779221497
1.163888888888889,-3.424661927723445,0.18221094073563723
1.1666666666666667,-3.4226304723498275,0.19849004991894992
1.1694444444444445,-3.410564581073851,0.20111660871662354
1.1722222222222223,-3.404647341519689,0.22849215101715584
1.175,-3.3433622457152854,0.27048610216500407
1.1777777777777778,-3.3540994878773116,0.28512315202826677
1.1805555555555556,-3.365204462540605,0.2627332266518846
1.1833333333333333,-3.400092867590876,0.23299748105839968
1.1861111111111111,-3.4231756863663962,0.2176361723629088
1.1888888888888889,-3.4351390919852403,0.2077045334982589
1.1916666666666667,-3.454388995873528,0.1894903951169455
1.1944444444444444,-3.4767600535743806,0.16915585855856077
1.1972222222222222,-3.4915254818754295,0.15734878627192708
1.2,-3.495803257596831,0.14811564724127518
1.2027777777777777,-3.510433433417457,0.1340663603281859
1.2055555555555555,-3.536075170939326,0.12376033571281546
1.2083333333333333,-3.5225078814380493,0.12130939407603164
1.211111111111111,-3.5483622938181747,0.10205985108005071
1.2138888888888888,-3.6406697078924215,0.03132993787306559
1.2166666666666666,-3.7147373195663933,-0.07192331935650048
1.2194444444444446,-3.735959934528434,-0.09179244986727877
1.2222222222222223,-3.5900023443687785,0.09990349635288694
1.225,-3.1402030430149823,0.4853116597985672
1.2277777777777779,-2.757427441457517,0.9080319813193675
1.2305555555555556,-2.410893238736978,1.2541331759463044
1.2333333333333334,-2.137541937795209,1.5106366171427468
1.2361111111111112,-2.0179481867984537,1.6465612924568793
1.238888888888889,-2.056160674773234,1.5949885808617656
1.2416666666666667,-2.2799384383756545,1.3879026247613464
1.2444444444444445,-2.470128866692393,1.1732255239845795
1.2472222222222222,-2.6394523220942387,1.046645547615078
1.25,-2.665003386094763,0.9652814946926702
1.2527777777777778,-2.8118994736650724,0.8579007095593588
1.2555555555555555,-2.961121123872249,0.7108615182883697
1.2583333333333333,-3.11458101440745,0.5210194905260619
1.261111111111111,-3.373753127241029,0.28652695899316194
1.2638888888888888,-3.6006649734838363,0.0674625244573154
1.2666666666666666,-3.6905026209389042,-0.051778309489111246
1.2694444444444444,-3.731540071816098,-0.06441743421781351
1.2722222222222221,-3.6759472479878776,-0.02949061354999905
1.275,-3.6501984482404217,0.012327686873754582
1.2777777777777777,-3.597635505595612,0.04970167824792622
1.2805555555555554,-3.572865617051624,0.06790941917701901
1.2833333333333334,-3.5967408886206256,0.05968823584925528
1.2861111111111112,-3.5895079594806654,0.046259069208421606
1.288888888888889,-3.590565307533795,0.05513913584221605
1.2916666666666667,-3.558334928364956,0.08924894877092879
1.2944444444444445,-3.497170965652958,0.13194536725008307
1.2972222222222223,-3.47618513930785,0.16530573253051375
1.3,-3.458420808599105,0.17064260784795926
1.3027777777777778,-3.4876951312617903,0.13733541433491983
1.3055555555555556,-3.5308665285988727,0.08997661829061754
1.3083333333333333,-3.5564439426078613,0.07277379182307799
1.3111111111111111,-3.5192576813491403,0.09038388041137929
1.3138888888888889,-3.5077362424977805,0.1057296733025124
1.3166666666666667,-3.5263618206518266,0.09925988061468646
1.3194444444444444,-3.5317996473883597,0.08046667068623078
1.3222222222222222,-3.552790213754047,0.052457916620197755
1.325,-3.608848610433183,0.017969205940692002
1.3277777777777777,-3.58184940784127,0.0009328573683603944
1.3305555555555555,-3.593976998702582,0.015141143880112127
1.3333333333333333,-3.5480700884352427,0.03531714552679457
1.336111111111111,-3.5381582482852276,0.0359069382224095
1.3388888888888888,-3.582161924673079,0.026621904228186437
1.3416666666666666,-3.537297509093853,0.01997263784209888
1.3444444444444446,-3.5883083008271512,0.00595634020785977
1.3472222222222223,-3.597525757791573,-0.01530398490024513
1.35,-3.588235008203886,-0.0237256302959268
1.3527777777777779,-3.612256733253044,-0.022005608951294088
1.3555555555555556,-3.5969427083258405,-0.03997578848699873
1.3583333333333334,-3.663827146439546,-0.08323403350181288
1.3611111111111112,-3.7024221215724884,-0.12395463493721172
1.363888888888889,-3.712125523106258,-0.1491134101865645
1.3666666666666667,-3.7496621221265984,-0.17230936604059927
1.3694444444444445,-3.7676302031696327,-0.1971709082144681
1.3722222222222222,-3.777005991984476,-0.21195470118880907
1.375,-3.7909995017398104,-0.21820930459803667
1.3777777777777778,-3.7964460833280085,-0.23066417346027565
1.3805555555555555,-3.824893299475935,-0.25210121607360875
1.3833333333333333,-3.8331938301333683,-0.2721211580811246
1.386111111111111,-3.8661727699591046,-0.28798335780775874
1.3888888888888888,-3.865628374905877,-0.3072997418771733
1.3916666666666666,-3.9040005742569193,-0.3285020324068598
1.3944444444444444,-3.9063056828803573,-0.33909337688052205
1.3972222222222221,-3.9028787320212985,-0.3404936814739276
1.4,-3.9198126813620093,-0.35087811306079586
1.4027777777777777,-3.9268411579348066,-0.3740741990980867
1.4055555555555554,-3.97034160352376,-0.39406720478565693
1.4083333333333334,-3.954024055780903,-0.4059040748430535
1.4111111111111112,-3.9628725625512815,-0.4176464539611933
1.413888888888889,-3.9869687537163196,-0.42392088286359314
1.4166666666666667,-3.9467558319951452,-0.41545768173789566
1.4194444444444445,-3.950056188494172,-0.4048160440567265
1.4222222222222223,-3.9514328175067592,-0.4097043709616444
1.425,-3.9697575096722204,-0.4260657386785966
1.4277777777777778,-3.9717990383507935,-0.4387538003577802
1.4305555555555556,-3.9941636008131334,-0.4447944337192954
1.4333333333333333,-3.988039858149178,-0.45568299210558866
1.4361111111111111,-4.023286219589909,-0.47824254397260973
1.4388888888888889,-4.019040369398673,-0.4968197107487051
1.4416666666666667,-4.04277609719331,-0.4908020061151698
1.4444444444444444,-3.9885634616065353,-0.46627391772277504
1.4472222222222222,-3.970418001574994,-0.4418380271132005
1.45,-3.968993865576248,-0.41928629680159446
1.4527777777777777,-3.920411782074563,-0.4023117527201152
1.4555555555555555,-3.9351182971559084,-0.4110954673535736
1.4583333333333333,-3.982817253680398,-0.4462581779554842
1.461111111111111,-3.995043696277871,-0.476133177801088
1.4638888888888888,-3.9946207354569596,-0.4767606950088111
1.4666666666666666,-3.992709609359575,-0.45330968073895017
1.4694444444444446,-3.9363141682740883,-0.4224020493720807
1.4722222222222223,-3.924607216711081,-0.39525759398116556
1.475,-3.903441424608164,-0.3771794552818691
1.4777777777777779,-3.9038080052953896,-0.3748635359983018
1.4805555555555556,-3.9099784271824096,-0.39164439711150295
1.4833333333333334,-3.9448760488676315,-0.4082886163752413
1.4861111111111112,-3.9115537342566533,-0.39232867132245985
1.488888888888889,-3.8756773240863596,-0.34355308919701194
1.4916666666666667,-3.8296114214253945,-0.3031340165526629
1.4944444444444445,-3.8222716831192503,-0.29932772030998844
1.4972222222222222,-3.8500366535602817,-0.31208393380474214
1.5,-3.827856100057769,-0.3101195209122805
1.5027777777777778,-3.8294016500116834,-0.2948646126333888
1.5055555555555555,-3.813495935925172,-0.2825168994207405
1.5083333333333333,-3.781988910548578,-0.265418397066707
1.511111111111111,-3.7726858405103467,-0.2262558523939902
1.5138888888888888,-3.6916007767155588,-0.17834973283055425
1.5166666666666666,-3.6788378372697945,-0.1512405617917169
1.5194444444444444,-3.674339178052452,-0.14347121957675718
1.5222222222222221,-3.646185988084729,-0.13190756039584722
1.525,-3.645276474585301,-0.11441094759264173
1.5277777777777777,-3.608982186660038,-0.09903581672409287
1.5305555555555554,-3.605961712664086,-0.0752177522397868
1.5333333333333334,-3.5650647395507438,-0.03955599686606766
1.5361111111111112,-3.5231486878063647,-0.016662880780464667
1.538888888888889,-3.5565374021515046,-0.01766226747450681
1.5416666666666667,-3.5356979859501982,-0.01790783073106856
1.5444444444444445,-3.516628693239689,-0.0006110307656957188
1.5472222222222223,-3.5138666569553743,0.01926776805179794
1.55,-3.4893935261661455,0.02983571825859958
1.5527777777777778,-3.475049235035822,0.043194893048057716
1.5555555555555556,-3.4689716195447,0.06518377761702061
1.5583333333333333,-3.4429294520305005,0.07335213468032495
1.5611111111111111,-3.471909427039244,0.05363376064529529
1.5638888888888889,-3.4864608756110442,0.03623306350502619
1.5666666666666667,-3.4797651801558294,0.05039682712911682
1.5694444444444444,-3.4489877131324507,0.06811643925663004
1.5722222222222222,-3.466283132878688,0.050136701786092856
1.575,-3.5185004925192773,0.013262954630207041
1.5777777777777777,-3.5191214447960246,-0.00980029952584391
1.5805555555555555,-3.5470779786354876,-0.02881119278245191
1.5833333333333333,-3.5684374037631055,-0.05638544841621115
1.586111111111111,-3.5964413693166333,-0.06786425350253557
1.5888888888888888,-3.5437576556456207,-0.04601429179430764
1.5916666666666666,-3.528504802068553,-0.011693412666782475
1.5944444444444446,-3.502020387560512,0.011584574514918415
1.5972222222222223,-3.4783297174231222,0.018912053748819862
1.6,-3.4992065163624115,0.009813299091277561
1.6027777777777779,-3.5257063463142924,-0.01547968137133082
1.6055555555555556,-3.5546935651422125,-0.05026414572008418
1.6083333333333334,-3.5801224047517386,-0.08082745755437466
1.6111111111111112,-3.591487852662088,-0.09169391733063773
1.613888888888889,-3.582616465634397,-0.08407377286622414
1.6166666666666667,-3.5594879524908007,-0.08109114564443444
1.6194444444444445,-3.5883774345109463,-0.09307047864757151
1.6222222222222222,-3.5883501840445327,-0.09675916358726147
1.625,-3.546856028306926,-0.07171813666125869
1.6277777777777778,-3.5225767850723333,-0.03396064989831437
1.6305555555555555,-3.493349658730771,-0.014812717965230971
1.6333333333333333,-3.489593503206006,-0.024200743149717537
1.636111111111111,-3.533202997830578,-0.04755783275139627
1.6388888888888888,-3.5272430439492237,-0.06768717456591783
1.6416666666666666,-3.5447406496248637,-0.07539562786459254
1.6444444444444444,-3.5144791564230404,-0.06453847808044091
1.6472222222222221,-3.4875675066509078,-0.036792682266191354
1.65,-3.4488513054854115,-0.009127336512960871
1.6527777777777777,-3.415688000896073,0.0026595946249527657
1.6555555555555554,-3.408963580970267,0.002463925639459928
1.6583333333333334,-3.4000660678481274,0.0023985837279503638
1.6611111111111112,-3.3958286865531107,0.003496202870124424
1.663888888888889,-3.4043593773039724,-0.0007419994688767695
1.6666666666666667,-3.3819704071900953,-0.00673600267820761
1.6694444444444445,-3.3404804203221574,0.0023642971750703454
1.6722222222222223,-3.3010742609632144,0.030862561483443216
1.675,-3.264600771553303,0.051286508700505586
1.6777777777777778,-3.2666170248843236,0.03720888186113613
1.6805555555555556,-3.31783691338792,0.0012120926151220923
1.6833333333333333,-3.325891686544524,-0.02866800434856334
1.6861111111111111,-3.309693024449385,-0.04027618108945781
1.6888888888888889,-3.305900356314368,-0.024341665396909865
1.6916666666666667,-3.257496516759059,0.017930812520654395
1.6944444444444444,-3.216967265415895,0.045741409695911533
1.6972222222222222,-3.2511374601075547,0.02396989192836135
1.7,-3.2741567517701746,-0.009301275780793346
1.7027777777777777,-3.261092267877044,0.0051603604849490715
1.7055555555555555,-3.219136104457665,0.0492242605638443
1.7083333333333333,-3.188589135492809,0.06081550120274922
1.711111111111111,-3.2364655265207607,0.03741014512402964
1.7138888888888888,-3.2331373648785346,0.023241817211436613
1.7166666666666666,-3.2232314838105207,0.023790575287839375
1.7194444444444446,-3.2412748314772246,0.013854453554449805
1.7222222222222223,-3.2517171202110933,0.0029874010400040853
1.725,-3.209625073958116,0.024811102498585546
1.7277777777777779,-3.165088457347116,0.08029993511839541
1.7305555555555556,-3.1056551177507288,0.13212996831939727
1.7333333333333334,-3.0953017295879452,0.14427835798248964
1.7361111111111112,-3.11122188711202,0.1161450596684385
1.738888888888889,-3.151154787123721,0.08090820285867811
1.7416666666666667,-3.1640681850977272,0.0655667095407792
1.7444444444444445,-3.1420498077900754,0.064098511580359
1.7472222222222222,-3.1716709870152764,0.05958104945304783
1.75,-3.174508176413526,0.048940194111703854
1.7527777777777778,-3.1566572603483865,0.04000277251224567
1.7555555555555555,-3.189773596098106,0.043093854482889035
1.7583333333333333,-3.1504973238597747,0.056636024586564096
1.761111111111111,-3.1395186698287816,0.05990685496783672
1.7638888888888888,-3.17282569098822,0.04227088549157977
1.7666666666666666,-3.18684085055953,0.020061203690767682
1.7694444444444444,-3.1823939554727083,0.0038328228834725183
1.7722222222222221,-3.216344898274861,-0.015469282527986527
1.775,-3.236447231813756,-0.03900684918715066
1.7777777777777777,-3.2406451033580486,-0.05614588829936119
1.7805555555555554,-3.260047762615535,-0.06428835399791075
1.7833333333333334,-3.262006575344086,-0.0696625333819636
1.7861111111111112,-3.2709213379560618,-0.07834858049657374
1.788888888888889,-3.2740075797061303,-0.08748537036582595
1.7916666666666667,-3.266784829255789,-0.08011744660367519
1.7944444444444445,-3.248128213296219,-0.051295865685696274
1.7972222222222223,-3.208611971176887,-0.032213522296263286
1.8,-3.225875796286908,-0.04696582827317703
1.8027777777777778,-3.2713373637484486,-0.06524514842903235
1.8055555555555556,-3.207113362527327,-0.0463819890560857
1.8083333333333333,-3.201225219979282,-0.002041334179754687
1.8111111111111111,-3.151367555700726,0.026882400981655393
1.8138888888888889,-3.156053564102636,0.026487961102594805
1.8166666666666667,-3.164698881334232,0.01382432383482745
1.8194444444444444,-3.172726969117829,0.00621329739269176
1.8222222222222222,-3.166003515198017,0.0053408686562907235
1.825,-3.1690161656577307,0.00483797840589243
1.8277777777777777,-3.16604009900692,0.0014888721589778598
1.8305555555555555,-3.1843997485584348,-0.006466370825418627
1.8333333333333333,-3.184153292160352,-0.022237332277543785
1.836111111111111,-3.21298888254629,-0.04096445968763264
1.8388888888888888,-3.2201654084654074,-0.04791783363785367
1.8416666666666666,-3.195387300580948,-0.035810146152492194
1.8444444444444446,-3.185143922056055,-0.01458686717920152
1.8472222222222223,-3.1690786563463678,-0.00042883367013834975
1.85,-3.1554593815937864,0.001167848540116438
1.8527777777777779,-3.1615558821925065,0.00295697737193389
1.8555555555555556,-3.149849416844837,0.020107298591439685
1.8583333333333334,-3.105316888291314,0.04607028698258193
1.8611111111111112,-3.1027723061590895,0.06384656565536678
1.863888888888889,-3.0852892475724762,0.07683984182773902
1.8666666666666667,-3.049215687518277,0.0985600315956174
1.8694444444444445,-3.0469533623586766,0.12044458959622371
1.8722222222222222,-3.0166868109392277,0.12326457154968991
1.875,-3.051333250633487,0.11110325917310825
1.8777777777777778,-3.048826918316755,0.10476594692589604
1.8805555555555555,-3.025458549250635,0.1096121363378051
1.8833333333333333,-3.0516779328290182,0.11207971212941592
1.886111111111111,-3.0399377756203445,0.10255452650175854
1.8888888888888888,-3.0489587179819635,0.07934475314180792
1.8916666666666666,-3.149172490671744,0.028084543366393586
1.8944444444444444,-3.180285988074083,-0.05332809534933321
1.8972222222222221,-3.1970084055087806,-0.07844813557099006
1.9,-3.1022904785072694,0.08536448230333238
1.9027777777777777,-2.6775340766704887,0.43093144020472024
1.9055555555555554,-2.333783143270118,0.7939195845744891
1.9083333333333334,-2.0890160943771563,1.076021834637703
1.9111111111111112,-1.8100625897846203,1.3087769673514469
1.913888888888889,-1.670100060505285,1.466664452839516
1.9166666666666667,-1.691616089391507,1.4393661953234635
1.9194444444444445,-1.907436574695984,1.2332394219679041
1.9222222222222223,-2.1167293581455233,1.013204699502182
1.925,-2.229740365665606,0.9039693566394902
1.9277777777777778,-2.2550075875960105,0.8711120450810339
1.9305555555555556,-2.3259522766155416,0.8146461658228414
1.9333333333333333,-2.4193157022354663,0.691750064218875
1.9361111111111111,-2.6137698574726955,0.52497893085006
1.9388888888888889,-2.7738439999648516,0.3496375320734753
1.9416666666666667,-2.9122598389856416,0.1977313265954831
1.9444444444444444,-3.0309982856721316,0.10423510382788702
1.9472222222222222,-3.0428612278375087,0.07649225313420167
1.95,-3.0369860655947476,0.07552455070286504
1.9527777777777777,-3.0535645081837726,0.06972432196880647
1.9555555555555555,-3.048867406209722,0.06984125931488751
1.9583333333333333,-3.0366739827369926,0.07933819544360166
1.961111111111111,-3.0320698893160722,0.07371502878423372
1.9638888888888888,-3.0656343420407186,0.05528458534803962
1.9666666666666666,-3.052915877990236,0.05891498006861035
1.9694444444444446,-3.007827902048086,0.0891011881705072
1.9722222222222223,-3.011693138228225,0.10819417590269971
1.975,-3.0202986105106047,0.08846989763479766
1.9777777777777779,-3.0481720999544035,0.044108688852785266
1.9805555555555556,-3.1005272020288177,0.014580395515516285
1.9833333333333334,-3.0878106159488183,0.019776284954775427
1.9861111111111112,-3.0528054529462105,0.037212126544223505
1.988888888888889,-3.069292115707424,0.040536115015063476
1.9916666666666667,-3.0660548530969107,0.03489558359886104
1.9944444444444445,-3.061768057976785,0.027839197179569494
1.9972222222222222,-3.0894375128006546,0.009006940452807116
2.0,-3.1115919761499224,-0.017066813986471797
2.0027777777777778,-3.122537030241855,-0.027634809647831535
2.0055555555555555,-3.1137002871317416,-0.023126129604341825
2.0083333333333333,-3.114403864264398,-0.026088240393387235
2.011111111111111,-3.1433261480901544,-0.04072248353964658
2.013888888888889,-3.129055184128101,-0.05077163913416791
2.0166666666666666,-3.143413610753677,-0.04851434583933496
2.0194444444444444,-3.1297731430397877,-0.04057005179972173
2.022222222222222,-3.1123893445623785,-0.03575205514465489
2.025,-3.128263252824257,-0.04031063752553771
2.0277777777777777,-3.1241518254177087,-0.05369672480183548
2.0305555555555554,-3.1358960789432895,-0.06370202441389142
2.033333333333333,-3.1417903883967315,-0.05940580865337803
2.036111111111111,-3.1140840128079943,-0.0500625796542179
2.0388888888888888,-3.126921962182819,-0.05344626414076591
2.0416666666666665,-3.139349571310575,-0.06738801761012035
2.0444444444444443,-3.128135757529122,-0.07424074070838105
2.047222222222222,-3.135078940233484,-0.0690237282899008
2.05,-3.1070088294523774,-0.061797851451543796
2.0527777777777776,-3.1179302433210245,-0.05979043751770072
2.0555555555555554,-3.117848760383724,-0.0661680301119281
2.058333333333333,-3.132954633377903,-0.08457627860257382
2.061111111111111,-3.1576948874126662,-0.10771005120608376
2.063888888888889,-3.1642140407549753,-0.1185123421137818
2.066666666666667,-3.1691289055061875,-0.11638275864586116
2.0694444444444446,-3.1390597006745966,-0.11897712085386813
2.0722222222222224,-3.1907855713266384,-0.13402689097954307
2.075,-3.1920197218719495,-0.15715960025811912
2.077777777777778,-3.212088511282658,-0.18279276779069373
2.0805555555555557,-3.2353196383232445,-0.19028834684888016
2.0833333333333335,-3.1923453744196717,-0.15994855166819313
2.0861111111111112,-3.159470598794475,-0.1205545994638875
2.088888888888889,-3.1385766211667954,-0.1162386986639522
2.091666666666667,-3.17137068434718,-0.1303030568760365
2.0944444444444446,-3.1705328023573442,-0.1272422983329664
2.0972222222222223,-3.147637495672339,-0.1361237844607444
2.1,-3.2308933730335063,-0.18954954802605353
2.102777777777778,-3.270411928032257,-0.23503894808809173
2.1055555555555556,-3.227311904681246,-0.21044513512155538
2.1083333333333334,-3.177587379064241,-0.14357157146910451
2.111111111111111,-3.1170346216079388,-0.09474054237686325
2.113888888888889,-3.098328307324724,-0.07014696205565164
2.1166666666666667,-3.0742810361335877,-0.04909344430737134
2.1194444444444445,-3.040034710029653,-0.030929988119959204
2.1222222222222222,-3.0551490594239947,-0.02294161838541718
2.125,-3.046789731871551,-0.0315656102127299
2.1277777777777778,-3.0655001958728922,-0.0649659796599201
2.1305555555555555,-3.1324521285768174,-0.11052280988345203
2.1333333333333333,-3.139077843195545,-0.13858445578850184
2.136111111111111,-3.139355004229503,-0.1441673805502258
2.138888888888889,-3.1456578721377206,-0.1413928766823625
2.1416666666666666,-3.1185774552345453,-0.1266522130827503
2.1444444444444444,-3.099275051788687,-0.09796843994545211
2.147222222222222,-3.062618617222955,-0.08127262576053128
2.15,-3.084883901396122,-0.09379503441834998
2.1527777777777777,-3.122773093924015,-0.12162931463772302
2.1555555555555554,-3.1041978027310635,-0.1532679135614893
2.158333333333333,-3.125267709440227,-0.18517108169358784
2.161111111111111,-3.1025798086705128,-0.199761597303816
2.1638888888888888,-3.0624969369106476,-0.19087349915046883
2.1666666666666665,-3.043366372249295,-0.18831192813349865
2.1694444444444443,-3.0446406862679045,-0.216304154068967
2.172222222222222,-3.085322142257514,-0.26148892207606045
2.175,-3.1021712533490615,-0.302015542750997
2.1777777777777776,-3.0823981697583767,-0.32632619944628866
2.1805555555555554,-3.079832842146023,-0.32234029692429256
2.183333333333333,-3.043692684485036,-0.2925635272494094
2.186111111111111,-2.9868788930808563,-0.2673777522402747
2.188888888888889,-3.018656291671279,-0.2681066733626495
2.191666666666667,-3.0132632865407922,-0.28181050301409266
2.1944444444444446,-3.0065894797621753,-0.2898494492351266
2.1972222222222224,-3.0096384930592937,-0.2838492787800616
2.2,-2.9529021649629876,-0.2522933816259506
2.202777777777778,-2.906443454695642,-0.1959739530343314
2.2055555555555557,-2.8603128556706388,-0.14858135594313376
2.2083333333333335,-2.8327060879821966,-0.1378318850502359
2.2111111111111112,-2.8596239719287015,-0.141048542521048
2.213888888888889,-2.8249028835813492,-0.1204010182225141
2.216666666666667,-2.7786914418366395,-0.07899418045415654
2.2194444444444446,-2.7559111145713504,-0.04283102567009664
2.2222222222222223,-2.723052790919902,-0.01707957492379822
2.225,-2.697602880166818,0.0049719994133954875
2.227777777777778,-2.689764929228123,0.018828987922775403
2.2305555555555556,-2.6856191590692333,0.01798065638824928
2.2333333333333334,-2.7048667372154176,0.006741816330818338
2.236111111111111,-2.697841567899131,-0.0009525241445147203
2.238888888888889,-2.6990172228088967,0.009106882561237005
2.2416666666666667,-2.679661160075695,0.0315644322301277
2.2444444444444445,-2.6378718371328,0.04375251100751283
2.2472222222222222,-2.662965200468877,0.0443610042351264
2.25,-2.64003752545116,0.054446057671563824
2.2527777777777778,-2.6091938881582246,0.06803082892305054
2.2555555555555555,-2.631581241242252,0.05715902942337644
2.2583333333333333,-2.6598070585411824,0.02841214787810326
2.261111111111111,-2.663943220830904,0.013318418242706874
2.263888888888889,-2.6690878174807087,0.013439992124158329
2.2666666666666666,-2.6697383530337433,0.00828102460260194
2.2694444444444444,-2.67930180216025,-0.0052400939619289795
2.272222222222222,-2.6972504218465616,-0.020696121257321676
2.275,-2.7073592165250395,-0.03914506262972244
2.2777777777777777,-2.728403532851783,-0.0548136312421249
2.2805555555555554,-2.735826428684112,-0.05820070884893461
2.283333333333333,-2.720502685095906,-0.05950090664416019
2.286111111111111,-2.7237334433649156,-0.07145148632042166
2.2888888888888888,-2.755199518784433,-0.08005115477604229
2.2916666666666665,-2.7069759232742845,-0.0697599374423256
2.2944444444444443,-2.712696459498336,-0.052841776524911274
2.297222222222222,-2.702444721709265,-0.042353840273186415
2.3,-2.658930027522732,-0.02906573803793905
2.3027777777777776,-2.668134393679357,-0.008465382535935245
2.3055555555555554,-2.624712388350559,0.0028723358809752027
2.308333333333333,-2.6536100934117592,-0.0045487042990712215
2.311111111111111,-2.6547709676198297,-0.01662527446382275
2.313888888888889,-2.648929066598243,-0.019021982870472205
2.316666666666667,-2.654986575730464,-0.011242212265358695
2.3194444444444446,-2.609673581345204,0.00892174983040441
2.3222222222222224,-2.596591753795627,0.04381076881523624
2.325,-2.551223944422933,0.07424344176294073
2.327777777777778,-2.5404825436133707,0.0746955762999102
2.3305555555555557,-2.588813530537991,0.050336516405379436
2.3333333333333335,-2.5878828050804668,0.026439269792755807
2.3361111111111112,-2.5930683122242746,0.013775118153287963
2.338888888888889,-2.6179739896955008,0.010881531535797325
2.341666666666667,-2.586912285435796,0.013140093789501272
2.3444444444444446,-2.6147303660045513,0.0009073727182095969
2.3472222222222223,-2.6499017493035937,-0.04650954859705105
2.35,-2.7083920896114364,-0.1140487108559066
2.352777777777778,-2.7561508378292254,-0.16138076929091022
2.3555555555555556,-2.765029767457341,-0.1728845761771236
2.3583333333333334,-2.7451608402218683,-0.16460494470932002
2.361111111111111,-2.729855272152116,-0.14574420139228558
2.363888888888889,-2.6980100220284062,-0.11296002289836217
2.3666666666666667,-2.641762262843611,-0.0804315379200342
2.3694444444444445,-2.6413166143969824,-0.07565717913636033
2.3722222222222222,-2.680187891876968,-0.1037249528913715
2.375,-2.6817173305665505,-0.13810043636860514
2.3777777777777778,-2.712384429710586,-0.14388874556734754
2.3805555555555555,-2.667651301152596,-0.11011352627339163
2.3833333333333333,-2.621073748511246,-0.06528604764589113
2.386111111111111,-2.595483831870146,-0.04440952156444432
2.388888888888889,-2.587152669326135,-0.04489010984494559
2.3916666666666666,-2.5821722160276206,-0.044680186127542626
2.3944444444444444,-2.5589176830491303,-0.040928577201002264
2.397222222222222,-2.560415020294316,-0.03505957110143598
2.4,-2.5363434536877123,-0.017730762365912683
2.4027777777777777,-2.4977212838821874,0.006144520189617456
2.4055555555555554,-2.4751630372357694,0.02393619698669798
2.408333333333333,-2.4494560996918833,0.04416192898527219
2.411111111111111,-2.3909284999050446,0.06901687111816086
2.4138888888888888,-2.39666225081884,0.07402464961874909
2.4166666666666665,-2.411603288991861,0.06143743435414911
2.4194444444444443,-2.3925898738110623,0.07261704811663976
2.422222222222222,-2.359341239361331,0.11145216616402939
2.425,-2.3182982914849033,0.12651884577929798
2.4277777777777776,-2.3875801711379334,0.09152201980681017
2.4305555555555554,-2.3959511314875894,0.04065986212892963
2.433333333333333,-2.448476881375353,0.01609391971801354
2.436111111111111,-2.4319086578275217,0.02473130119682799
2.438888888888889,-2.400062692911781,0.04756190830461162
2.441666666666667,-2.3833181435790403,0.06767559614887503
2.4444444444444446,-2.367793069393385,0.08158209358996611
2.4472222222222224,-2.368205157116936,0.08255135393503081
2.45,-2.399002921069829,0.05306507302374018
2.452777777777778,-2.4418481340374583,-0.002309233293544587
2.4555555555555557,-2.5064570347841637,-0.044468943318050305
2.4583333333333335,-2.497115764215627,-0.051558448757560715
2.4611111111111112,-2.4870350036363704,-0.04517806858603169
2.463888888888889,-2.498400795192185,-0.04027412678663215
2.466666666666667,-2.470052943142655,-0.02273080326893359
2.4694444444444446,-2.4430885629986174,0.005292433891650304
2.4722222222222223,-2.426724912177153,0.015310462818179198
2.475,-2.4684337161321595,-0.0035355935701414875
2.477777777777778,-2.4661481503376996,-0.03256931550621239
2.4805555555555556,-2.50189791092909,-0.04801700505081282
2.4833333333333334,-2.4904702387559405,-0.03668869188871872
2.486111111111111,-2.4479247740374266,-0.007950545245645002
2.488888888888889,-2.4488919664062916,0.00741794041341481
2.4916666666666667,-2.449135913901402,-0.007053249796136116
2.4944444444444445,-2.481145083380105,-0.02958107245909772
2.4972222222222222,-2.481764415394972,-0.027972407720386287
2.5,-2.425889804690977,0.005799641606495366
2.5027777777777778,-2.4158283936476366,0.05365551452473193
2.5055555555555555,-2.3492466320584633,0.08556777714164536
2.5083333333333333,-2.36460557556073,0.080462469468965
2.511111111111111,-2.4155029820093987,0.04787266255733096
2.513888888888889,-2.410409950543169,0.023592724160393368
2.5166666666666666,-2.4111655961845626,0.03709554479253274
2.5194444444444444,-2.380474498614198,0.0796644730080009
2.522222222222222,-2.328079937317846,0.10812764951969361
2.525,-2.349583432957276,0.0971487865856286
2.5277777777777777,-2.384778038001963,0.07293637678539922
2.5305555555555554,-2.376097347706748,0.06430003948820662
2.533333333333333,-2.3900911124223247,0.058251890145669005
2.536111111111111,-2.4000346658985285,0.0451566147958549
2.5388888888888888,-2.404577371774038,0.05022920785130469
2.5416666666666665,-2.363299062026044,0.0784811779116909
2.5444444444444443,-2.3516653266128915,0.09313696792503824
2.547222222222222,-2.374303402141962,0.07862357917949446
2.55,-2.384189298755479,0.062038408891303964
2.5527777777777776,-2.3826369493799913,0.06016708082294485
2.5555555555555554,-2.388347008739673,0.06316105338257963
2.558333333333333,-2.3755295841333632,0.06847734154547681
2.561111111111111,-2.3694458373133935,0.08121675070391578
2.563888888888889,-2.35143449190504,0.09045315763219515
2.566666666666667,-2.368093250849888,0.08301806462397858
2.5694444444444446,-2.371172947183433,0.06599205035658443
2.5722222222222224,-2.3914864546530237,0.04959952426374989
2.575,-2.399499613630854,0.03034340692763358
2.577777777777778,-2.4240593464531237,0.012293896053712977
2.5805555555555557,-2.423356910598099,0.013413187099845606
2.5833333333333335,-2.4016551599391973,0.02158581319981617
2.5861111111111112,-2.452623787492149,-0.018877656284437928
2.588888888888889,-2.5411452746975436,-0.12067406468755316
2.591666666666667,-2.570613491532741,-0.1755017145164583
2.5944444444444446,-2.5018834240508387,-0.04625717673516342
2.5972222222222223,-2.1240228082383608,0.2616670166457342
2.6,-1.804630506869967,0.6113264669035282
2.602777777777778,-1.5339793139526041,0.9060572720969938
2.6055555555555556,-1.2467610329282675,1.1353886255909746
2.6083333333333334,-1.1739824690004028,1.2622342960400923
2.611111111111111,-1.1974900176470633,1.2096500805718686
2.613888888888889,-1.4066545405199238,1.0004933771164173
2.6166666666666667,-1.6170866610208863,0.7960479622842063
2.6194444444444445,-1.700345747511475,0.7206575658739346
2.6222222222222222,-1.6617125403164903,0.7261052983893045
2.625,-1.707945705479848,0.7004681851761941
2.6277777777777778,-1.7973087530875442,0.6135475785885686
2.6305555555555555,-1.9235236774677278,0.4791775560981438
2.6333333333333333,-2.0808036320791548,0.3004834142225551
2.636111111111111,-2.2864981270365394,0.12869348631976293
2.638888888888889,-2.353044737981195,0.04657210761617948
2.6416666666666666,-2.3296197032105947,0.048226460723074314
2.6444444444444444,-2.3505403392146964,0.05098345921069387
2.647222222222222,-2.3756050160222313,0.022323038589279028
2.65,-2.381431132050526,-0.005437587650590614
2.6527777777777777,-2.40718894552665,-0.013016945627486853
2.6555555555555554,-2.4029257433118345,-0.010055050513320724
2.658333333333333,-2.3820487104814636,-0.005342298845454089
2.661111111111111,-2.386471065895797,-0.0016476596724709894
2.6638888888888888,-2.380050103367479,0.0002606672109928773
2.6666666666666665,-2.371779328715319,0.004064326594118521
2.6694444444444443,-2.3673839082734847,0.010891724831247132
2.672222222222222,-2.3703630738157937,0.00736558189322998
2.675,-2.3989512031112348,-0.024487443416250445
2.6777777777777776,-2.4461125578392098,-0.07370983410394018
2.6805555555555554,-2.470499112947226,-0.09680925937100615
2.683333333333333,-2.4535918580336977,-0.07304415655352403
2.686111111111111,-2.3970850477576686,-0.037324900087862364
2.688888888888889,-2.4002225224494085,-0.02913669191106332
2.691666666666667,-2.4257329144342155,-0.044660320857191085
2.6944444444444446,-2.4137925999667265,-0.06184078712699046
2.6972222222222224,-2.4372807482630456,-0.07094733525656928
2.7,-2.4503090800501215,-0.07096104651836926
2.702777777777778,-2.414148615929402,-0.06723118748399265
2.7055555555555557,-2.432240057858569,-0.0650004243127739
2.7083333333333335,-2.4318223480924686,-0.05956500134921436
2.7111111111111112,-2.408220791798634,-0.05332821950269544
2.713888888888889,-2.4211368160474076,-0.05957617550996138
2.716666666666667,-2.4357828869599354,-0.07092982432534477
2.7194444444444446,-2.438163970214728,-0.06813199733412392
2.7222222222222223,-2.4100388783404663,-0.06249046670847672
2.725,-2.4514770789371187,-0.07801395050596764
2.727777777777778,-2.467916045661568,-0.10806623902105089
2.7305555555555556,-2.4960224989287787,-0.13121317834365193
2.7333333333333334,-2.4916970249194383,-0.13841286729999006
2.736111111111111,-2.497989005546597,-0.1268551004689234
2.738888888888889,-2.4599130577668324,-0.10652254022493615
2.7416666666666667,-2.4508858982781585,-0.10415152611720746
2.7444444444444445,-2.482667783646741,-0.1270383496665119
2.7472222222222222,-2.5178397230917318,-0.15487133914748719
2.75,-2.522037424539593,-0.17891607572065862
2.7527777777777778,-2.546480158092684,-0.19911138245220208
2.7555555555555555,-2.56609483039793,-0.19916377026885196
2.7583333333333333,-2.5162315045215324,-0.17863416163826107
2.761111111111111,-2.5127934336535183,-0.16860616448219595
2.763888888888889,-2.537300292787325,-0.18038480332752468
2.7666666666666666,-2.5433969813818025,-0.19735857221596323
2.7694444444444444,-2.554492074134688,-0.21810752843776907
2.772222222222222,-2.588914076694889,-0.2405450497207019
2.775,-2.587494539665936,-0.23722691417170774
2.7777777777777777,-2.543159858202239,-0.20791437431829468
2.7805555555555554,-2.5434778004001783,-0.19785338822681217
2.783333333333333,-2.558545118242791,-0.22014277772656282
2.786111111111111,-2.576393330368812,-0.23513991998606662
2.7888888888888888,-2.570615530708606,-0.23013951315003786
2.7916666666666665,-2.5614562345650267,-0.23544281953632054
2.7944444444444443,-2.6011838188701963,-0.25415801448478137
2.797222222222222,-2.59230507337045,-0.25788766816621134
2.8,-2.5651516334314697,-0.24589497504388505
2.8027777777777776,-2.589927569866332,-0.24078189337342742
2.8055555555555554,-2.566211760171592,-0.2451178225591612
2.808333333333333,-2.5841457703199233,-0.24993659945999752
2.811111111111111,-2.5871240320877535,-0.25654456263517006
2.813888888888889,-2.5921418399217293,-0.2625519874655642
2.816666666666667,-2.5875186015473046,-0.26069274563845185
2.8194444444444446,-2.5798382988386916,-0.26202209455421
2.8222222222222224,-2.591982674151152,-0.28165516031815735
2.825,-2.6181259010332627,-0.30228805118878954
2.827777777777778,-2.6154708830694076,-0.29755948479569466
2.8305555555555557,-2.5948202709811476,-0.2824380735904588
2.8333333333333335,-2.594609332608334,-0.28640175598166207
2.8361111111111112,-2.595802080154404,-0.2973476705963567
2.838888888888889,-2.585280494123046,-0.29318462126932004
2.841666666666667,-2.5595247899095406,-0.2912327915843261
2.8444444444444446,-2.5606993775750087,-0.3040022335542104
2.8472222222222223,-2.5685642225401146,-0.3062999742124486
2.85,-2.5302673360270997,-0.3014480429287165
2.852777777777778,-2.5075768181238094,-0.33658561151577904
2.8555555555555556,-2.510486214712046,-0.41137377950070325
2.8583333333333334,-2.534350868107469,-0.46690817331300843
2.861111111111111,-2.5338312617844343,-0.47982265834341936
2.863888888888889,-2.531206507941784,-0.47305853189414065
2.8666666666666667,-2.4985287011478494,-0.4528602729013533
2.8694444444444445,-2.4387409309926813,-0.4215771814923097
2.8722222222222222,-2.380229577489208,-0.40779276794133934
2.875,-2.4055706446798877,-0.4147310472593968
2.8777777777777778,-2.386291308955517,-0.3988353758161326
2.8805555555555555,-2.3102833447736946,-0.3485769052245743
2.8833333333333333,-2.3278157294073654,-0.31479993897493364
2.886111111111111,-2.2717449853256224,-0.31886888610005465
2.888888888888889,-2.298497546594198,-0.3034509599672469
2.8916666666666666,-2.2182317676285748,-0.23048286403934987
2.8944444444444444,-2.100969529210112,-0.15529308225075789
2.897222222222222,-2.10446602538885,-0.13284454971121068
2.9,-2.090785409943351,-0.12930340691492817
2.9027777777777777,-2.0530219390731532,-0.10057307162732133
2.9055555555555554,-2.0198653961377167,-0.06734239854283244
2.908333333333333,-2.0131122672759783,-0.05117661956649534
2.911111111111111,-1.996978579666862,-0.033549664826414145
2.9138888888888888,-1.9582384822902668,-0.010210359587417922
2.9166666666666665,-1.9487056019552509,0.003933736842899737
2.9194444444444443,-1.9598810588703532,0.017062567921170706
2.922222222222222,-1.9036356031973114,0.035282203948577576
2.925,-1.9245809774563813,0.036725909424454944
2.9277777777777776,-1.9440113786813105,0.017898053408160586
2.9305555555555554,-1.9503554928344669,0.005360941585814785
2.933333333333333,-1.9504815507173403,0.0027702759203642358
2.936111111111111,-1.9644234157531741,-0.008933716409961871
2.938888888888889,-1.976781763305574,-0.02311611742221621
2.941666666666667,-1.9521489520699606,-0.017983020644622157
2.9444444444444446,-1.9345868413191276,0.00026532437403139515
2.9472222222222224,-1.915153088905197,0.010963160479650827
2.95,-1.9092383930398753,0.01460680101781922
2.952777777777778,-1.9179776589013158,0.019283999111746268
2.9555555555555557,-1.8910944413380255,0.01839440041592825
2.9583333333333335,-1.9126522091322462,0.01428672072756009
2.9611111111111112,-1.8861636171673546,0.030466025011061354
2.963888888888889,-1.8404804361500031,0.06761107027250195
2.966666666666667,-1.8313110790585005,0.08700996931807599
2.9694444444444446,-1.8376949279258576,0.0686536122153155
2.9722222222222223,-1.8739723767227403,0.042167500870229406
2.975,-1.8756482553783254,0.03510988189833233
2.977777777777778,-1.856746338074706,0.03660573051878015
2.9805555555555556,-1.8815646398842327,0.029250876267421136
2.9833333333333334,-1.8694112348526306,0.014816908099931159
2.986111111111111,-1.8715617744796034,0.0016880864764538958
2.988888888888889,-1.898888225397983,-0.005107439690269025
2.9916666666666667,-1.8794842277841608,-0.00747245762337037
2.9944444444444445,-1.8871380730709542,-0.014204810019218509
2.9972222222222222,-1.8977983861452892,-0.02329956810274124
